{
  "RoomA": {
    "name": "Library",
    "type": "Reading",
    "Row":0,
    "Column": 0
  },
  "RoomB": {
    "name": "Restroom",
    "type": "Restroom",
    "Row": 0,
    "Column": 1
  },
  "RoomC": {
    "name": "Dormroom",
    "type": "Dormitory",
    "Row": 1,
    "Column": 1
  },
  "RoomD": {
    "name": "Visitorsroom",
    "type": "Visiting",
    "Row": 0,
    "Column": 2
  },
  "RoomE": {
    "name": "Diningroom",
    "type": "Eating",
    "Row": 2,
    "Column": 1
  }
}